FirstName,LastName,Department,Manager,Office,Title,CostCenter
Sarah,Johnson,Finance,Robert Williams,London HQ,Finance Director,FC001
Robert,Williams,Executive,Robert Williams,London HQ,Chief Financial Officer,EX001
Ahmed,Hassan,Finance,Sarah Johnson,London HQ,Finance Analyst,FC002
Fatima,Khan,IT,Mike Brown,Manchester Regional,Systems Administrator,IT001
Mohammad,Ali,HR,Lisa Taylor,Birmingham Support,HR Manager,HR001
Sarah,Smith,Sales,James Wilson,London HQ,Sales Executive,SA001
David,Jones,Operations,Tom Davis,Manchester Regional,Operations Lead,OP001
Emily,White,Marketing,Rachel Green,London HQ,Marketing Specialist,MA001
James,Brown,Legal,Catherine Lee,London HQ,Legal Counsel,LE001
Jessica,Johnson,Finance,Sarah Johnson,London HQ,Financial Controller,FC003
Michael,Williams,IT,Mike Brown,Manchester Regional,Network Engineer,IT002
Laura,Davis,Support,Tom Davis,Birmingham Support,Support Technician,SU001
Lisa,Taylor,HR,Lisa Taylor,Birmingham Support,HR Business Partner,HR002
Mike,Brown,IT,Mike Brown,Manchester Regional,IT Manager,IT003
Tom,Davis,Operations,Tom Davis,Manchester Regional,Operations Manager,OP002
Rachel,Green,Marketing,Rachel Green,London HQ,Marketing Manager,MA002
Catherine,Lee,Legal,Catherine Lee,London HQ,Senior Legal Counsel,LE002
James,Wilson,Sales,James Wilson,London HQ,Sales Director,SA002
Mark,Thompson,Finance,Sarah Johnson,London HQ,Financial Analyst,FC004
Sophie,Anderson,IT,Mike Brown,Manchester Regional,Database Administrator,IT004
Daniel,Martinez,HR,Lisa Taylor,Birmingham Support,Recruitment Specialist,HR003
Victoria,Garcia,Sales,James Wilson,London HQ,Sales Manager,SA003
Andrew,Rodriguez,Operations,Tom Davis,Manchester Regional,Supply Chain Manager,OP003
Michelle,Lewis,Marketing,Rachel Green,London HQ,Content Strategist,MA003
Christopher,Walker,Legal,Catherine Lee,London HQ,Contract Manager,LE003
Amanda,Hall,Finance,Sarah Johnson,London HQ,Accounts Payable Officer,FC005
Kevin,Young,IT,Mike Brown,Manchester Regional,Security Specialist,IT005
Rebecca,King,HR,Lisa Taylor,Birmingham Support,Training Coordinator,HR004
Jason,Wright,Sales,James Wilson,London HQ,Account Executive,SA004
Brandon,Lopez,Operations,Tom Davis,Manchester Regional,Logistics Coordinator,OP004
Nicole,Hill,Marketing,Rachel Green,London HQ,Social Media Manager,MA004
Ryan,Scott,Legal,Catherine Lee,London HQ,Paralegal,LE004
Stephanie,Green,Finance,Sarah Johnson,London HQ,Senior Financial Analyst,FC006
Justin,Adams,IT,Mike Brown,Manchester Regional,Cloud Architect,IT006
Megan,Nelson,HR,Lisa Taylor,Birmingham Support,Payroll Administrator,HR005
Jacob,Carter,Sales,James Wilson,London HQ,Business Development Manager,SA005
Tyler,Mitchell,Operations,Tom Davis,Manchester Regional,Quality Assurance Manager,OP005
Olivia,Perez,Marketing,Rachel Green,London HQ,Brand Manager,MA005
Ethan,Roberts,Legal,Catherine Lee,London HQ,Legal Secretary,LE005
Ava,Phillips,Finance,Sarah Johnson,London HQ,Tax Specialist,FC007
Mason,Campbell,IT,Mike Brown,Manchester Regional,Help Desk Manager,IT007
Isabella,Parker,HR,Lisa Taylor,Birmingham Support,HR Coordinator,HR006
Liam,Evans,Sales,James Wilson,London HQ,Regional Sales Manager,SA006
Emma,Edwards,Operations,Tom Davis,Manchester Regional,Production Manager,OP006
Charlotte,Collins,Marketing,Rachel Green,London HQ,Marketing Coordinator,MA006
Noah,Reeves,Legal,Catherine Lee,London HQ,Legal Assistant,LE006
Amelia,Morris,Finance,Sarah Johnson,London HQ,Audit Manager,FC008
Elijah,Murphy,IT,Mike Brown,Manchester Regional,Systems Analyst,IT008
Harper,Rogers,HR,Lisa Taylor,Birmingham Support,Employee Relations Manager,HR007
Benjamin,Morgan,Sales,James Wilson,London HQ,Sales Representative,SA007
Evelyn,Peterson,Operations,Tom Davis,Manchester Regional,Warehouse Manager,OP007
Madison,Gray,Marketing,Rachel Green,London HQ,Event Coordinator,MA007
Lucas,Ramirez,Legal,Catherine Lee,London HQ,Attorney,LE007
Abigail,James,Finance,Sarah Johnson,London HQ,Budget Analyst,FC009
Alexander,Watson,IT,Mike Brown,Manchester Regional,IT Director,IT009
Elizabeth,Brooks,HR,Lisa Taylor,Birmingham Support,Senior HR Manager,HR008
Michael,Chavez,Sales,James Wilson,London HQ,Sales Analyst,SA008
Sofia,Wood,Operations,Tom Davis,Manchester Regional,Operations Analyst,OP008
Avery,Lawrence,Marketing,Rachel Green,London HQ,Graphic Designer,MA008
Jackson,Powell,Legal,Catherine Lee,London HQ,Compliance Officer,LE008
Ella,Long,Finance,Sarah Johnson,London HQ,Chief Accountant,FC010
Sebastian,Patterson,IT,Mike Brown,Manchester Regional,IT Support Specialist,IT010
Scarlett,Hughes,HR,Lisa Taylor,Birmingham Support,Talent Acquisition Lead,HR009
Aiden,Flores,Sales,James Wilson,London HQ,Sales Operations Manager,SA009
Victoria,Washington,Operations,Tom Davis,Manchester Regional,Operations Coordinator,OP009
Grace,Butler,Marketing,Rachel Green,London HQ,Digital Marketing Manager,MA009
Jack,Simmons,Legal,Catherine Lee,London HQ,Legal Advisor,LE009
Chloe,Bryant,Finance,Sarah Johnson,London HQ,Finance Manager,FC011
Lucas,Alexander,IT,Mike Brown,Manchester Regional,Software Engineer,IT011
Lily,Russell,HR,Lisa Taylor,Birmingham Support,Executive Assistant,HR010
Owen,Griffin,Sales,James Wilson,London HQ,Territory Manager,SA010
Zoey,Hayes,Operations,Tom Davis,Manchester Regional,Procurement Officer,OP010
Hannah,Meyers,Marketing,Rachel Green,London HQ,PR Manager,MA010
Levi,Ford,Legal,Catherine Lee,London HQ,Legal Specialist,LE010
Nora,Hamilton,Finance,Sarah Johnson,London HQ,Corporate Accountant,FC012
Logan,Graham,IT,Mike Brown,Manchester Regional,IT Technician,IT012
Layla,Sullivan,HR,Lisa Taylor,Birmingham Support,HR Analyst,HR011
Mason,Wallace,Sales,James Wilson,London HQ,Key Account Manager,SA011
Penelope,Woods,Operations,Tom Davis,Manchester Regional,Operations Assistant,OP011
Ella,Cole,Marketing,Rachel Green,London HQ,Content Writer,MA011
Jayden,West,Legal,Catherine Lee,London HQ,Contract Specialist,LE011
Audrey,Jordan,Finance,Sarah Johnson,London HQ,Financial Analyst,FC013
Carter,Owens,IT,Mike Brown,Manchester Regional,Network Administrator,IT013
Stella,Reynolds,HR,Lisa Taylor,Birmingham Support,Compensation Analyst,HR012
Wyatt,Fisher,Sales,James Wilson,London HQ,Sales Coordinator,SA012
Violet,Ellis,Operations,Tom Davis,Manchester Regional,Supply Chain Analyst,OP012
Aria,Harper,Marketing,Rachel Green,London HQ,SEO Specialist,MA012
Anthony,Mason,Legal,Catherine Lee,London HQ,Litigation Attorney,LE012
Lucy,Howell,Finance,Sarah Johnson,London HQ,Finance Director Asst,FC014
Dylan,Newland,IT,Mike Brown,Manchester Regional,Hardware Engineer,IT014
Grace,Benson,HR,Lisa Taylor,Birmingham Support,Benefits Manager,HR013
Gabriel,Wilkins,Sales,James Wilson,London HQ,Business Analyst,SA013
Chloe,Dyer,Operations,Tom Davis,Manchester Regional,Inventory Manager,OP013
Nora,Vance,Marketing,Rachel Green,London HQ,Social Media Coordinator,MA013
Jack,Kemp,Legal,Catherine Lee,London HQ,Legal Consultant,LE013
Amelia,Walls,Finance,Sarah Johnson,London HQ,Accounts Receivable Manager,FC015
Aiden,Bowen,IT,Mike Brown,Manchester Regional,IT Manager,IT015
Olivia,Parsons,HR,Lisa Taylor,Birmingham Support,Staffing Coordinator,HR014
Benjamin,Lowe,Sales,James Wilson,London HQ,Customer Success Manager,SA014
Ella,Jennings,Operations,Tom Davis,Manchester Regional,Compliance Manager,OP014
Charlotte,Gillespie,Marketing,Rachel Green,London HQ,Marketing Analyst,MA014
Lucas,McBride,Legal,Catherine Lee,London HQ,Legal Researcher,LE014
Sophia,Donovan,Finance,Sarah Johnson,London HQ,Tax Accountant,FC016
Mason,Wilkinson,IT,Mike Brown,Manchester Regional,Technical Support Lead,IT016
Isabella,Mccarty,HR,Lisa Taylor,Birmingham Support,HRIS Analyst,HR015
Logan,Atkins,Sales,James Wilson,London HQ,Sales Forecasting Manager,SA015
Ava,Watts,Operations,Tom Davis,Manchester Regional,Production Planner,OP015
Mia,Koch,Marketing,Rachel Green,London HQ,Campaign Manager,MA015
Ethan,Justice,Legal,Catherine Lee,London HQ,Legal Secretary,LE015
Harper,Gilliam,Finance,Sarah Johnson,London HQ,Expense Manager,FC017
Liam,Shepard,IT,Mike Brown,Manchester Regional,Database Manager,IT017
Evelyn,Summers,HR,Lisa Taylor,Birmingham Support,Recruiter,HR016
Noah,Payne,Sales,James Wilson,London HQ,Sales Operations Lead,SA016
Abigail,Mcintosh,Operations,Tom Davis,Manchester Regional,Operations Director,OP016
Elizabeth,Haynes,Marketing,Rachel Green,London HQ,Brand Marketing Manager,MA016
James,Rivers,Legal,Catherine Lee,London HQ,Senior Attorney,LE016
Emily,Mccarthy,Finance,Sarah Johnson,London HQ,Senior Accountant,FC018
Benjamin,Norris,IT,Mike Brown,Manchester Regional,IT Project Manager,IT018
Charlotte,Hanna,HR,Lisa Taylor,Birmingham Support,HR Director,HR017
Michael,Hinton,Sales,James Wilson,London HQ,VP Sales,SA017
Amelia,Shields,Operations,Tom Davis,Manchester Regional,Chief Operating Officer,OP017
Olivia,Carrillo,Marketing,Rachel Green,London HQ,VP Marketing,MA017
David,Mckinney,Legal,Catherine Lee,London HQ,VP Legal,LE017
Avery,Mcwilliams,Finance,Sarah Johnson,London HQ,VP Finance,FC019
Elijah,Kramer,IT,Mike Brown,Manchester Regional,Chief Technology Officer,IT019
Isabella,Hancock,HR,Lisa Taylor,Birmingham Support,Chief People Officer,HR018
Logan,Foreman,Sales,James Wilson,London HQ,Executive Vice President,SA018
Sophia,Delgado,Operations,Tom Davis,Manchester Regional,Executive Vice President,OP018
Mia,Pate,Marketing,Rachel Green,London HQ,Executive Vice President,MA018
Alexander,Aguirre,Legal,Catherine Lee,London HQ,General Counsel,LE018
Charlotte,Medina,Finance,Sarah Johnson,London HQ,Controller,FC020
Mason,Beaulieu,IT,Mike Brown,Manchester Regional,Solutions Architect,IT020
Amelia,Cordova,HR,Lisa Taylor,Birmingham Support,VP Human Resources,HR019
Benjamin,Cervantes,Sales,James Wilson,London HQ,Senior Sales Manager,SA019
Harper,Salazar,Operations,Tom Davis,Manchester Regional,Senior Operations Manager,OP019
Olivia,Mcmillan,Marketing,Rachel Green,London HQ,Senior Marketing Manager,MA019
Ethan,Mcneal,Legal,Catherine Lee,London HQ,Senior Counsel,LE019
Isabella,Mcnally,Finance,Sarah Johnson,London HQ,Senior Financial Analyst,FC021
Liam,Mcnamee,IT,Mike Brown,Manchester Regional,Senior Systems Architect,IT021
Evelyn,Navarro,HR,Lisa Taylor,Birmingham Support,Senior Recruiter,HR020
Noah,Nemeth,Sales,James Wilson,London HQ,Senior Account Executive,SA020
Abigail,Nesbitt,Operations,Tom Davis,Manchester Regional,Senior Operations Manager,OP020
Elizabeth,Nicholson,Marketing,Rachel Green,London HQ,Senior Brand Manager,MA020
James,Nielsen,Legal,Catherine Lee,London HQ,Senior Attorney,LE020
Emily,Nilsen,Finance,Sarah Johnson,London HQ,Senior Audit Manager,FC022
Benjamin,Nixon,IT,Mike Brown,Manchester Regional,Senior Network Architect,IT022
Charlotte,Noble,HR,Lisa Taylor,Birmingham Support,Senior HR Partner,HR021
Michael,Nolan,Sales,James Wilson,London HQ,Senior Sales Operations Manager,SA021
Amelia,Norwood,Operations,Tom Davis,Manchester Regional,Senior Logistics Manager,OP021
Olivia,Notting,Marketing,Rachel Green,London HQ,Senior Content Strategist,MA021
David,Novak,Legal,Catherine Lee,London HQ,Senior Legal Advisor,LE021
Avery,Nowlan,Finance,Sarah Johnson,London HQ,Compliance Manager,FC023
Elijah,Nunn,IT,Mike Brown,Manchester Regional,Compliance Officer,IT023
Isabella,Oakes,HR,Lisa Taylor,Birmingham Support,Compliance Officer,HR022
Logan,Oakley,Sales,James Wilson,London HQ,Compliance Officer,SA022
Sophia,Oatley,Operations,Tom Davis,Manchester Regional,Compliance Officer,OP022
Mia,Obie,Marketing,Rachel Green,London HQ,Compliance Officer,MA022
Alexander,Obispo,Legal,Catherine Lee,London HQ,Compliance Officer,LE022
Charlotte,Obregon,Finance,Sarah Johnson,London HQ,Risk Manager,FC024
Mason,Obryan,IT,Mike Brown,Manchester Regional,Risk Manager,IT024
Amelia,Ocampo,HR,Lisa Taylor,Birmingham Support,Risk Manager,HR023
Benjamin,Ochoa,Sales,James Wilson,London HQ,Risk Manager,SA023
Harper,Odell,Operations,Tom Davis,Manchester Regional,Risk Manager,OP023
Olivia,Odium,Marketing,Rachel Green,London HQ,Risk Manager,MA023
Ethan,Odom,Legal,Catherine Lee,London HQ,Risk Manager,LE023
Isabella,Odonnell,Finance,Sarah Johnson,London HQ,Auditor,FC025
Liam,Odriscoll,IT,Mike Brown,Manchester Regional,Auditor,IT025
Evelyn,Ogborn,HR,Lisa Taylor,Birmingham Support,Auditor,HR024
Noah,Ogden,Sales,James Wilson,London HQ,Auditor,SA024
Abigail,Ogle,Operations,Tom Davis,Manchester Regional,Auditor,OP024
Elizabeth,Ogles,Marketing,Rachel Green,London HQ,Auditor,MA024
James,Oglesby,Legal,Catherine Lee,London HQ,Auditor,LE024
Emily,Ogren,Finance,Sarah Johnson,London HQ,Internal Auditor,FC026
Benjamin,Ogston,IT,Mike Brown,Manchester Regional,Internal Auditor,IT026
Charlotte,Oguinn,HR,Lisa Taylor,Birmingham Support,Internal Auditor,HR025
Michael,Ohaira,Sales,James Wilson,London HQ,Internal Auditor,SA025
Amelia,Ohalloran,Operations,Tom Davis,Manchester Regional,Internal Auditor,OP025
Olivia,Ohare,Marketing,Rachel Green,London HQ,Internal Auditor,MA025
David,Oharrow,Legal,Catherine Lee,London HQ,Internal Auditor,LE025
Avery,Oharry,Finance,Sarah Johnson,London HQ,External Auditor,FC027
Elijah,Oharte,IT,Mike Brown,Manchester Regional,External Auditor,IT027
Isabella,Ohassin,HR,Lisa Taylor,Birmingham Support,External Auditor,HR026
Logan,Ohastie,Sales,James Wilson,London HQ,External Auditor,SA026
Sophia,Ohayne,Operations,Tom Davis,Manchester Regional,External Auditor,OP026
Mia,Ohealey,Marketing,Rachel Green,London HQ,External Auditor,MA026
Alexander,Ohearne,Legal,Catherine Lee,London HQ,External Auditor,LE026
Charlotte,Oheaton,Finance,Sarah Johnson,London HQ,Finance Specialist,FC028
Mason,Ohedge,IT,Mike Brown,Manchester Regional,Finance Specialist,IT028
Amelia,Ohegarty,HR,Lisa Taylor,Birmingham Support,Finance Specialist,HR027
Benjamin,Ohenery,Sales,James Wilson,London HQ,Finance Specialist,SA027
Harper,Oherlihy,Operations,Tom Davis,Manchester Regional,Finance Specialist,OP027
Olivia,Ohern,Marketing,Rachel Green,London HQ,Finance Specialist,MA027
Ethan,Oheron,Legal,Catherine Lee,London HQ,Finance Specialist,LE027
Isabella,Oherr,Finance,Sarah Johnson,London HQ,Finance Officer,FC029
Liam,Oherrald,IT,Mike Brown,Manchester Regional,Finance Officer,IT029
Evelyn,Oherrick,HR,Lisa Taylor,Birmingham Support,Finance Officer,HR028
Noah,Oherrity,Sales,James Wilson,London HQ,Finance Officer,SA028
Abigail,Oherron,Operations,Tom Davis,Manchester Regional,Finance Officer,OP028
Elizabeth,Ohers,Marketing,Rachel Green,London HQ,Finance Officer,MA028
James,Ohersee,Legal,Catherine Lee,London HQ,Finance Officer,LE028
Emily,Oherson,Finance,Sarah Johnson,London HQ,Finance Coordinator,FC030
Benjamin,Oherstad,IT,Mike Brown,Manchester Regional,Finance Coordinator,IT030
Charlotte,Ohesten,HR,Lisa Taylor,Birmingham Support,Finance Coordinator,HR029
Michael,Ohester,Sales,James Wilson,London HQ,Finance Coordinator,SA029
Amelia,Ohetland,Operations,Tom Davis,Manchester Regional,Finance Coordinator,OP029
Olivia,Ohew,Marketing,Rachel Green,London HQ,Finance Coordinator,MA029
David,Ohewen,Legal,Catherine Lee,London HQ,Finance Coordinator,LE029
Avery,Ohewett,Finance,Sarah Johnson,London HQ,Finance Intern,FC031
Elijah,Ohewing,IT,Mike Brown,Manchester Regional,Finance Intern,IT031
Isabella,Ohewins,HR,Lisa Taylor,Birmingham Support,Finance Intern,HR030
Logan,Ohewitt,Sales,James Wilson,London HQ,Finance Intern,SA030
Sophia,Ohews,Operations,Tom Davis,Manchester Regional,Finance Intern,OP030
Mia,Ohexham,Marketing,Rachel Green,London HQ,Finance Intern,MA030
Alexander,Ohey,Legal,Catherine Lee,London HQ,Finance Intern,LE030
Charlotte,Ohi,Finance,Sarah Johnson,London HQ,Compliance Analyst,FC032
Mason,Ohiat,IT,Mike Brown,Manchester Regional,Compliance Analyst,IT032
Amelia,Ohiatt,HR,Lisa Taylor,Birmingham Support,Compliance Analyst,HR031
Benjamin,Ohick,Sales,James Wilson,London HQ,Compliance Analyst,SA031
Harper,Ohickerson,Operations,Tom Davis,Manchester Regional,Compliance Analyst,OP031
Olivia,Ohickinson,Marketing,Rachel Green,London HQ,Compliance Analyst,MA031
Ethan,Ohickson,Legal,Catherine Lee,London HQ,Compliance Analyst,LE031
Isabella,Ohidden,Finance,Sarah Johnson,London HQ,Regulatory Specialist,FC033
Liam,Ohidder,IT,Mike Brown,Manchester Regional,Regulatory Specialist,IT033
Evelyn,Ohider,HR,Lisa Taylor,Birmingham Support,Regulatory Specialist,HR032
Noah,Ohidges,Sales,James Wilson,London HQ,Regulatory Specialist,SA032
Abigail,Ohidgett,Operations,Tom Davis,Manchester Regional,Regulatory Specialist,OP032
Elizabeth,Ohidgley,Marketing,Rachel Green,London HQ,Regulatory Specialist,MA032
James,Ohidley,Legal,Catherine Lee,London HQ,Regulatory Specialist,LE032
Emily,Ohidwell,Finance,Sarah Johnson,London HQ,Procurement Manager,FC034
Benjamin,Ohigbee,IT,Mike Brown,Manchester Regional,Procurement Manager,IT034
Charlotte,Ohighley,HR,Lisa Taylor,Birmingham Support,Procurement Manager,HR033
Michael,Ohight,Sales,James Wilson,London HQ,Procurement Manager,SA033
Amelia,Ohightower,Operations,Tom Davis,Manchester Regional,Procurement Manager,OP033
Olivia,Ohildebrand,Marketing,Rachel Green,London HQ,Procurement Manager,MA033
David,Ohildreth,Legal,Catherine Lee,London HQ,Procurement Manager,LE033
Avery,Ohildreth,Finance,Sarah Johnson,London HQ,Procurement Specialist,FC035
Elijah,Ohildreth,IT,Mike Brown,Manchester Regional,Procurement Specialist,IT035
Isabella,Ohildreth,HR,Lisa Taylor,Birmingham Support,Procurement Specialist,HR034
Logan,Ohildreth,Sales,James Wilson,London HQ,Procurement Specialist,SA034
Sophia,Ohildreth,Operations,Tom Davis,Manchester Regional,Procurement Specialist,OP034
Mia,Ohildreth,Marketing,Rachel Green,London HQ,Procurement Specialist,MA034
Alexander,Ohildreth,Legal,Catherine Lee,London HQ,Procurement Specialist,LE034
Charlotte,Ohildreth,Finance,Sarah Johnson,London HQ,Vendor Manager,FC036
Mason,Ohildreth,IT,Mike Brown,Manchester Regional,Vendor Manager,IT036
Amelia,Ohildreth,HR,Lisa Taylor,Birmingham Support,Vendor Manager,HR035
Benjamin,Ohildreth,Sales,James Wilson,London HQ,Vendor Manager,SA035
Harper,Ohildreth,Operations,Tom Davis,Manchester Regional,Vendor Manager,OP035
Olivia,Ohildreth,Marketing,Rachel Green,London HQ,Vendor Manager,MA035
Ethan,Ohildreth,Legal,Catherine Lee,London HQ,Vendor Manager,LE035
Isabella,Ohildreth,Finance,Sarah Johnson,London HQ,Supplier Manager,FC037
Liam,Ohildreth,IT,Mike Brown,Manchester Regional,Supplier Manager,IT037
Evelyn,Ohildreth,HR,Lisa Taylor,Birmingham Support,Supplier Manager,HR036
Noah,Ohildreth,Sales,James Wilson,London HQ,Supplier Manager,SA036
Abigail,Ohildreth,Operations,Tom Davis,Manchester Regional,Supplier Manager,OP036
Elizabeth,Ohildreth,Marketing,Rachel Green,London HQ,Supplier Manager,MA036
James,Ohildreth,Legal,Catherine Lee,London HQ,Supplier Manager,LE036
Emily,Ohildreth,Finance,Sarah Johnson,London HQ,Purchasing Agent,FC038
Benjamin,Ohildreth,IT,Mike Brown,Manchester Regional,Purchasing Agent,IT038
Charlotte,Ohildreth,HR,Lisa Taylor,Birmingham Support,Purchasing Agent,HR037
Michael,Ohildreth,Sales,James Wilson,London HQ,Purchasing Agent,SA037
Amelia,Ohildreth,Operations,Tom Davis,Manchester Regional,Purchasing Agent,OP037
Olivia,Ohildreth,Marketing,Rachel Green,London HQ,Purchasing Agent,MA037
David,Ohildreth,Legal,Catherine Lee,London HQ,Purchasing Agent,LE037
Avery,Ohildreth,Finance,Sarah Johnson,London HQ,Procurement Coordinator,FC039
Elijah,Ohildreth,IT,Mike Brown,Manchester Regional,Procurement Coordinator,IT039
Isabella,Ohildreth,HR,Lisa Taylor,Birmingham Support,Procurement Coordinator,HR038
Logan,Ohildreth,Sales,James Wilson,London HQ,Procurement Coordinator,SA038
Sophia,Ohildreth,Operations,Tom Davis,Manchester Regional,Procurement Coordinator,OP038
Mia,Ohildreth,Marketing,Rachel Green,London HQ,Procurement Coordinator,MA038
Alexander,Ohildreth,Legal,Catherine Lee,London HQ,Procurement Coordinator,LE038
Charlotte,Ohildreth,Finance,Sarah Johnson,London HQ,Compliance Specialist,FC040
Mason,Ohildreth,IT,Mike Brown,Manchester Regional,Compliance Specialist,IT040
Amelia,Ohildreth,HR,Lisa Taylor,Birmingham Support,Compliance Specialist,HR039
Benjamin,Ohildreth,Sales,James Wilson,London HQ,Compliance Specialist,SA039
Harper,Ohildreth,Operations,Tom Davis,Manchester Regional,Compliance Specialist,OP039
Olivia,Ohildreth,Marketing,Rachel Green,London HQ,Compliance Specialist,MA039
Ethan,Ohildreth,Legal,Catherine Lee,London HQ,Compliance Specialist,LE039
Isabella,Ohildreth,Finance,Sarah Johnson,London HQ,Quality Assurance Lead,FC041
Liam,Ohildreth,IT,Mike Brown,Manchester Regional,Quality Assurance Lead,IT041
Evelyn,Ohildreth,HR,Lisa Taylor,Birmingham Support,Quality Assurance Lead,HR040
Noah,Ohildreth,Sales,James Wilson,London HQ,Quality Assurance Lead,SA040
Abigail,Ohildreth,Operations,Tom Davis,Manchester Regional,Quality Assurance Lead,OP040
Elizabeth,Ohildreth,Marketing,Rachel Green,London HQ,Quality Assurance Lead,MA040
James,Ohildreth,Legal,Catherine Lee,London HQ,Quality Assurance Lead,LE040
Emily,Ohildreth,Finance,Sarah Johnson,London HQ,Quality Analyst,FC042
Benjamin,Ohildreth,IT,Mike Brown,Manchester Regional,Quality Analyst,IT042
Charlotte,Ohildreth,HR,Lisa Taylor,Birmingham Support,Quality Analyst,HR041
Michael,Ohildreth,Sales,James Wilson,London HQ,Quality Analyst,SA041
Amelia,Ohildreth,Operations,Tom Davis,Manchester Regional,Quality Analyst,OP041
Olivia,Ohildreth,Marketing,Rachel Green,London HQ,Quality Analyst,MA041
David,Ohildreth,Legal,Catherine Lee,London HQ,Quality Analyst,LE041
Avery,Ohildreth,Finance,Sarah Johnson,London HQ,Quality Coordinator,FC043
Elijah,Ohildreth,IT,Mike Brown,Manchester Regional,Quality Coordinator,IT043
Isabella,Ohildreth,HR,Lisa Taylor,Birmingham Support,Quality Coordinator,HR042
Logan,Ohildreth,Sales,James Wilson,London HQ,Quality Coordinator,SA042
Sophia,Ohildreth,Operations,Tom Davis,Manchester Regional,Quality Coordinator,OP042
Mia,Ohildreth,Marketing,Rachel Green,London HQ,Quality Coordinator,MA042
Alexander,Ohildreth,Legal,Catherine Lee,London HQ,Quality Coordinator,LE042
Charlotte,Ohildreth,Finance,Sarah Johnson,London HQ,Process Improvement Manager,FC044
Mason,Ohildreth,IT,Mike Brown,Manchester Regional,Process Improvement Manager,IT044
Amelia,Ohildreth,HR,Lisa Taylor,Birmingham Support,Process Improvement Manager,HR043
Benjamin,Ohildreth,Sales,James Wilson,London HQ,Process Improvement Manager,SA043
Harper,Ohildreth,Operations,Tom Davis,Manchester Regional,Process Improvement Manager,OP043
Olivia,Ohildreth,Marketing,Rachel Green,London HQ,Process Improvement Manager,MA043
Ethan,Ohildreth,Legal,Catherine Lee,London HQ,Process Improvement Manager,LE043
Isabella,Ohildreth,Finance,Sarah Johnson,London HQ,Continuous Improvement Lead,FC045
Liam,Ohildreth,IT,Mike Brown,Manchester Regional,Continuous Improvement Lead,IT045
Evelyn,Ohildreth,HR,Lisa Taylor,Birmingham Support,Continuous Improvement Lead,HR044
Noah,Ohildreth,Sales,James Wilson,London HQ,Continuous Improvement Lead,SA044
Abigail,Ohildreth,Operations,Tom Davis,Manchester Regional,Continuous Improvement Lead,OP044
Elizabeth,Ohildreth,Marketing,Rachel Green,London HQ,Continuous Improvement Lead,MA044
James,Ohildreth,Legal,Catherine Lee,London HQ,Continuous Improvement Lead,LE044
Emily,Ohildreth,Finance,Sarah Johnson,London HQ,Business Analyst,FC046
Benjamin,Ohildreth,IT,Mike Brown,Manchester Regional,Business Analyst,IT046
Charlotte,Ohildreth,HR,Lisa Taylor,Birmingham Support,Business Analyst,HR045
Michael,Ohildreth,Sales,James Wilson,London HQ,Business Analyst,SA045
Amelia,Ohildreth,Operations,Tom Davis,Manchester Regional,Business Analyst,OP045
Olivia,Ohildreth,Marketing,Rachel Green,London HQ,Business Analyst,MA045
David,Ohildreth,Legal,Catherine Lee,London HQ,Business Analyst,LE045
Avery,Ohildreth,Finance,Sarah Johnson,London HQ,Project Manager,FC047
Elijah,Ohildreth,IT,Mike Brown,Manchester Regional,Project Manager,IT047
Isabella,Ohildreth,HR,Lisa Taylor,Birmingham Support,Project Manager,HR046
Logan,Ohildreth,Sales,James Wilson,London HQ,Project Manager,SA046
Sophia,Ohildreth,Operations,Tom Davis,Manchester Regional,Project Manager,OP046
Mia,Ohildreth,Marketing,Rachel Green,London HQ,Project Manager,MA046
Alexander,Ohildreth,Legal,Catherine Lee,London HQ,Project Manager,LE046
Charlotte,Ohildreth,Finance,Sarah Johnson,London HQ,Program Manager,FC048
Mason,Ohildreth,IT,Mike Brown,Manchester Regional,Program Manager,IT048
Amelia,Ohildreth,HR,Lisa Taylor,Birmingham Support,Program Manager,HR047
Benjamin,Ohildreth,Sales,James Wilson,London HQ,Program Manager,SA047
Harper,Ohildreth,Operations,Tom Davis,Manchester Regional,Program Manager,OP047
Olivia,Ohildreth,Marketing,Rachel Green,London HQ,Program Manager,MA047
Ethan,Ohildreth,Legal,Catherine Lee,London HQ,Program Manager,LE047
Isabella,Ohildreth,Finance,Sarah Johnson,London HQ,Portfolio Manager,FC049
Liam,Ohildreth,IT,Mike Brown,Manchester Regional,Portfolio Manager,IT049
Evelyn,Ohildreth,HR,Lisa Taylor,Birmingham Support,Portfolio Manager,HR048
Noah,Ohildreth,Sales,James Wilson,London HQ,Portfolio Manager,SA048
Abigail,Ohildreth,Operations,Tom Davis,Manchester Regional,Portfolio Manager,OP048
Elizabeth,Ohildreth,Marketing,Rachel Green,London HQ,Portfolio Manager,MA048
James,Ohildreth,Legal,Catherine Lee,London HQ,Portfolio Manager,LE048
Emily,Ohildreth,Finance,Sarah Johnson,London HQ,Risk Analyst,FC050
Benjamin,Ohildreth,IT,Mike Brown,Manchester Regional,Risk Analyst,IT050
Charlotte,Ohildreth,HR,Lisa Taylor,Birmingham Support,Risk Analyst,HR049
Michael,Ohildreth,Sales,James Wilson,London HQ,Risk Analyst,SA049
Amelia,Ohildreth,Operations,Tom Davis,Manchester Regional,Risk Analyst,OP049
Olivia,Ohildreth,Marketing,Rachel Green,London HQ,Risk Analyst,MA049
David,Ohildreth,Legal,Catherine Lee,London HQ,Risk Analyst,LE049
